,Reagent,Solvent,Additive,Reagent_equiv,AdditiveLoading,Temperature,Stage,f,f_best,Round,method
0,DBDMH,DMC,sulfuric acid,1.0,13.0,20.0,2,81.9339,81.9339,1,BO
1,NBS,MeCN,water,1.1249999999999996,19.0,35.0,2,81.9951,81.9951,2,BO
2,NBS,DMC,hydrochloric acid,1.1249999999999996,1.0,15.0,5,81.8445,81.9951,3,BO
3,DBDMH,MeCN,phosphoric acid,1.2499999999999991,19.0,20.0,3,82.4044,82.4044,4,BO
4,DBDMH,DMC,phenylphosphonic acid,1.374999999999999,25.0,25.0,4,80.2631,82.4044,5,BO
5,NBS,MeCN,acetic acid,1.2499999999999991,13.0,5.0,4,83.1455,83.1455,6,BO
6,NBS,DMC,lactic acid,1.4999999999999982,7.0,15.0,1,81.6126,83.1455,7,BO
7,DBDMH,MeCN,picolinic acid,1.374999999999999,7.0,25.0,3,83.0069,83.1455,8,BO
